"fighter","motion_id","symbol","cycler_status","natural_requests","natural_class","duration_evidence","hard_seam_evidence","gameplay_adjacency"
"Mario","0","FTMarioAnimWait","plays-correct (Tyler approved)","0","never-triggered","full-play capture; numeric matrix predates checker-bound fix","none observed","no bad row"
"Mario","1","FTMarioAnimDownBounceD","plays-correct (Tyler approved)","2","requested","full-play capture; numeric matrix predates checker-bound fix","none observed","no bad row"
"Mario","2","FTMarioAnimDownStandD","plays-correct (Tyler approved)","2","requested","full-play capture; numeric matrix predates checker-bound fix","none observed","no bad row"
"Mario","3","FTMarioAnimWait","plays-correct (Tyler approved)","2","requested","full-play capture; numeric matrix predates checker-bound fix","none observed","no bad row"
"Mario","4","FTMarioAnimWait","plays-correct (Tyler approved)","11","requested","full-play capture; numeric matrix predates checker-bound fix","none observed","no bad row"
"Mario","5","FTMarioAnimWalk1","plays-correct (Tyler approved)","0","never-triggered","full-play capture; numeric matrix predates checker-bound fix","none observed","no bad row"
"Mario","6","FTMarioAnimWalk2","plays-correct (Tyler approved)","0","never-triggered","full-play capture; numeric matrix predates checker-bound fix","none observed","no bad row"
"Mario","7","FTMarioAnimWalk3","plays-correct (Tyler approved)","0","never-triggered","full-play capture; numeric matrix predates checker-bound fix","none observed","no bad row"
"Mario","8","FTMarioAnimWalkEnd","plays-correct (Tyler approved)","0","never-triggered","full-play capture; numeric matrix predates checker-bound fix","none observed","no bad row"
"Mario","9","FTMarioAnimDash","plays-correct (Tyler approved)","0","never-triggered","full-play capture; numeric matrix predates checker-bound fix","none observed","no bad row"
"Mario","10","FTMarioAnimRun","plays-correct (Tyler approved)","0","never-triggered","full-play capture; numeric matrix predates checker-bound fix","none observed","no bad row"
"Mario","11","FTMarioAnimRunBrake","plays-correct (Tyler approved)","0","never-triggered","full-play capture; numeric matrix predates checker-bound fix","none observed","no bad row"
"Mario","12","FTMarioAnimTurn","plays-correct (Tyler approved)","0","never-triggered","full-play capture; numeric matrix predates checker-bound fix","none observed","no bad row"
"Mario","13","FTMarioAnimTurnRun","plays-correct (Tyler approved)","0","never-triggered","full-play capture; numeric matrix predates checker-bound fix","none observed","no bad row"
"Mario","14","FTMarioAnimLandingAirX","plays-correct (Tyler approved)","0","never-triggered","full-play capture; numeric matrix predates checker-bound fix","none observed","no bad row"
"Mario","15","FTMarioAnimLandingAirX","plays-correct (Tyler approved)","0","never-triggered","full-play capture; numeric matrix predates checker-bound fix","none observed","no bad row"
"Mario","16","FTMarioAnimJumpF","plays-correct (Tyler approved)","0","never-triggered","full-play capture; numeric matrix predates checker-bound fix","none observed","no bad row"
"Mario","17","FTMarioAnimJumpB","plays-correct (Tyler approved)","0","never-triggered","full-play capture; numeric matrix predates checker-bound fix","none observed","no bad row"
"Mario","18","FTMarioAnimJumpAerialF","plays-correct (Tyler approved)","0","never-triggered","full-play capture; numeric matrix predates checker-bound fix","none observed","no bad row"
"Mario","19","FTMarioAnimJumpAerialB","plays-correct (Tyler approved)","0","never-triggered","full-play capture; numeric matrix predates checker-bound fix","none observed","no bad row"
"Mario","20","FTMarioAnimFall","plays-correct (Tyler approved)","7","requested","full-play capture; numeric matrix predates checker-bound fix","none observed","no bad row"
"Mario","21","FTMarioAnimFallAerial","plays-correct (Tyler approved)","0","never-triggered","full-play capture; numeric matrix predates checker-bound fix","none observed","no bad row"
"Mario","22","FTMarioAnimCrouch","plays-correct (Tyler approved)","0","never-triggered","full-play capture; numeric matrix predates checker-bound fix","none observed","no bad row"
"Mario","23","FTMarioAnimCrouchIdle","plays-correct (Tyler approved)","0","never-triggered","full-play capture; numeric matrix predates checker-bound fix","none observed","no bad row"
"Mario","24","FTMarioAnimCrouchEnd","plays-correct (Tyler approved)","0","never-triggered","full-play capture; numeric matrix predates checker-bound fix","none observed","no bad row"
"Mario","25","FTMarioAnimLandingAirX","plays-correct (Tyler approved)","5","requested","full-play capture; numeric matrix predates checker-bound fix","none observed","no bad row"
"Mario","26","FTMarioAnimLandingAirX","plays-correct (Tyler approved)","0","never-triggered","full-play capture; numeric matrix predates checker-bound fix","none observed","no bad row"
"Mario","27","FTMarioAnimShieldDrop","plays-correct (Tyler approved)","0","never-triggered","full-play capture; numeric matrix predates checker-bound fix","none observed","no bad row"
"Mario","28","FTMarioAnimShieldDrop","plays-correct (Tyler approved)","0","never-triggered","full-play capture; numeric matrix predates checker-bound fix","none observed","no bad row"
"Mario","29","FTMarioAnimTeeter","plays-correct (Tyler approved)","0","never-triggered","full-play capture; numeric matrix predates checker-bound fix","none observed","no bad row"
"Mario","30","FTMarioAnimTeeterstart","plays-correct (Tyler approved)","0","never-triggered","full-play capture; numeric matrix predates checker-bound fix","none observed","no bad row"
"Mario","31","FTMarioAnimDamaged1","plays-correct (Tyler approved)","5","requested","full-play capture; numeric matrix predates checker-bound fix","none observed","no bad row"
"Mario","32","FTMarioAnimDamaged2","plays-correct (Tyler approved)","0","never-triggered","full-play capture; numeric matrix predates checker-bound fix","none observed","no bad row"
"Mario","33","FTMarioAnimFalconDivePulled","plays-correct (Tyler approved)","0","never-triggered","full-play capture; numeric matrix predates checker-bound fix","none observed","no bad row"
"Mario","34","FTMarioAnimDamageX1","plays-correct (Tyler approved)","0","never-triggered","full-play capture; numeric matrix predates checker-bound fix","none observed","no bad row"
"Mario","35","FTMarioAnimDamageX2","plays-correct (Tyler approved)","0","never-triggered","full-play capture; numeric matrix predates checker-bound fix","none observed","no bad row"
"Mario","36","FTMarioAnimDamageX3","plays-correct (Tyler approved)","0","never-triggered","full-play capture; numeric matrix predates checker-bound fix","none observed","no bad row"
"Mario","37","FTMarioAnimDamaged3","plays-correct (Tyler approved)","1","requested","full-play capture; numeric matrix predates checker-bound fix","none observed","no bad row"
"Mario","38","FTMarioAnimDamaged4","plays-correct (Tyler approved)","0","never-triggered","full-play capture; numeric matrix predates checker-bound fix","none observed","no bad row"
"Mario","39","FTMarioAnimDamaged5","plays-correct (Tyler approved)","1","requested","full-play capture; numeric matrix predates checker-bound fix","none observed","no bad row"
"Mario","40","FTMarioAnimDamaged6","plays-correct (Tyler approved)","0","never-triggered","full-play capture; numeric matrix predates checker-bound fix","none observed","no bad row"
"Mario","41","FTMarioAnimDamageAir","plays-correct (Tyler approved)","0","never-triggered","full-play capture; numeric matrix predates checker-bound fix","none observed","no bad row"
"Mario","42","FTMarioAnimDamaged7","plays-correct (Tyler approved)","2","requested","full-play capture; numeric matrix predates checker-bound fix","none observed","no bad row"
"Mario","43","FTMarioAnimDamage","plays-correct (Tyler approved)","2","requested","full-play capture; numeric matrix predates checker-bound fix","none observed","no bad row"
"Mario","44","FTMarioAnimDamageFlyX1","plays-correct (Tyler approved)","3","requested","full-play capture; numeric matrix predates checker-bound fix","none observed","no bad row"
"Mario","45","FTMarioAnimDamageFlyX2","plays-correct (Tyler approved)","1","requested","full-play capture; numeric matrix predates checker-bound fix","none observed","no bad row"
"Mario","46","FTMarioAnimDamage2","plays-correct (Tyler approved)","1","requested","full-play capture; numeric matrix predates checker-bound fix","none observed","no bad row"
"Mario","47","FTMarioAnimShieldBreak","plays-correct (Tyler approved)","7","requested","full-play capture; numeric matrix predates checker-bound fix","none observed","no bad row"
"Mario","48","FTMarioAnimDamageFlyTop","plays-correct (Tyler approved)","0","never-triggered","full-play capture; numeric matrix predates checker-bound fix","none observed","no bad row"
"Mario","49","FTMarioAnimDamaged","plays-correct (Tyler approved)","0","never-triggered","full-play capture; numeric matrix predates checker-bound fix","none observed","no bad row"
"Mario","50","FTMarioAnimDamaged","plays-correct (Tyler approved)","4","requested","full-play capture; numeric matrix predates checker-bound fix","none observed","no bad row"
"Mario","51","FTMarioAnimFallSpecial","plays-correct (Tyler approved)","0","never-triggered","full-play capture; numeric matrix predates checker-bound fix","none observed","no bad row"
"Mario","52","FTMarioAnimLandingAirX","plays-correct (Tyler approved)","0","never-triggered","full-play capture; numeric matrix predates checker-bound fix","none observed","no bad row"
"Mario","53","FTMarioAnimDamaged","plays-correct (Tyler approved)","0","never-triggered","full-play capture; numeric matrix predates checker-bound fix","none observed","no bad row"
"Mario","54","FTMarioAnimEnterPipe","plays-correct (Tyler approved)","0","never-triggered","full-play capture; numeric matrix predates checker-bound fix","none observed","no bad row"
"Mario","55","FTMarioAnimExitPipe","plays-correct (Tyler approved)","0","never-triggered","full-play capture; numeric matrix predates checker-bound fix","none observed","no bad row"
"Mario","56","FTMarioAnimExitPipeWalk","plays-correct (Tyler approved)","0","never-triggered","full-play capture; numeric matrix predates checker-bound fix","none observed","no bad row"
"Mario","57","FTMarioAnimCeilingBonk","plays-correct (Tyler approved)","0","never-triggered","full-play capture; numeric matrix predates checker-bound fix","none observed","no bad row"
"Mario","58","FTMarioAnimDownBounceD","plays-correct (Tyler approved)","2","requested","full-play capture; numeric matrix predates checker-bound fix","none observed","no bad row"
"Mario","59","FTMarioAnimStunLandU","plays-correct (Tyler approved)","4","requested","full-play capture; numeric matrix predates checker-bound fix","none observed","no bad row"
"Mario","60","FTMarioAnimDownStandD","plays-correct (Tyler approved)","0","never-triggered","full-play capture; numeric matrix predates checker-bound fix","none observed","no bad row"
"Mario","61","FTMarioAnimStunStartU","plays-correct (Tyler approved)","1","requested","full-play capture; numeric matrix predates checker-bound fix","none observed","no bad row"
"Mario","62","FTMarioAnimTechF","plays-correct (Tyler approved)","0","never-triggered","full-play capture; numeric matrix predates checker-bound fix","none observed","no bad row"
"Mario","63","FTMarioAnimTechB","plays-correct (Tyler approved)","0","never-triggered","full-play capture; numeric matrix predates checker-bound fix","none observed","no bad row"
"Mario","64","FTMarioAnimDownForwardD","plays-correct (Tyler approved)","0","never-triggered","full-play capture; numeric matrix predates checker-bound fix","none observed","no bad row"
"Mario","65","FTMarioAnimDownForwardU","plays-correct (Tyler approved)","0","never-triggered","full-play capture; numeric matrix predates checker-bound fix","none observed","no bad row"
"Mario","66","FTMarioAnimDownBackD","plays-correct (Tyler approved)","0","never-triggered","full-play capture; numeric matrix predates checker-bound fix","none observed","no bad row"
"Mario","67","FTMarioAnimDownBackU","plays-correct (Tyler approved)","0","never-triggered","full-play capture; numeric matrix predates checker-bound fix","none observed","no bad row"
"Mario","68","FTMarioAnimDownAttackD","plays-correct (Tyler approved)","0","never-triggered","full-play capture; numeric matrix predates checker-bound fix","none observed","no bad row"
"Mario","69","FTMarioAnimDownAttackU","plays-correct (Tyler approved)","0","never-triggered","full-play capture; numeric matrix predates checker-bound fix","none observed","no bad row"
"Mario","70","FTMarioAnimTech","plays-correct (Tyler approved)","0","never-triggered","full-play capture; numeric matrix predates checker-bound fix","none observed","no bad row"
"Mario","71","FTMarioAnimClangRecoil","plays-correct (Tyler approved)","0","never-triggered","full-play capture; numeric matrix predates checker-bound fix","none observed","no bad row"
"Mario","72","FTMarioAnimCliffCatch","plays-correct (Tyler approved)","2","requested","full-play capture; numeric matrix predates checker-bound fix","none observed","no bad row"
"Mario","73","FTMarioAnimCliffWait","plays-correct (Tyler approved)","2","requested","full-play capture; numeric matrix predates checker-bound fix","none observed","no bad row"
"Mario","74","FTMarioAnimCliffQuick","plays-correct (Tyler approved)","0","never-triggered","full-play capture; numeric matrix predates checker-bound fix","none observed","no bad row"
"Mario","75","FTMarioAnimCliffClimbQuick1","plays-correct (Tyler approved)","0","never-triggered","full-play capture; numeric matrix predates checker-bound fix","none observed","no bad row"
"Mario","76","FTMarioAnimCliffClimbQuick2","plays-correct (Tyler approved)","0","never-triggered","full-play capture; numeric matrix predates checker-bound fix","none observed","no bad row"
"Mario","77","FTMarioAnimCliffSlow","plays-correct (Tyler approved)","0","never-triggered","full-play capture; numeric matrix predates checker-bound fix","none observed","no bad row"
"Mario","78","FTMarioAnimCliffClimbSlow1","plays-correct (Tyler approved)","0","never-triggered","full-play capture; numeric matrix predates checker-bound fix","none observed","no bad row"
"Mario","79","FTMarioAnimCliffClimbSlow2","plays-correct (Tyler approved)","0","never-triggered","full-play capture; numeric matrix predates checker-bound fix","none observed","no bad row"
"Mario","80","FTMarioAnimCliffAttackQuick1","plays-correct (Tyler approved)","0","never-triggered","full-play capture; numeric matrix predates checker-bound fix","none observed","no bad row"
"Mario","81","FTMarioAnimCliffAttackQuick2","plays-correct (Tyler approved)","0","never-triggered","full-play capture; numeric matrix predates checker-bound fix","none observed","no bad row"
"Mario","82","FTMarioAnimCliffAttackSlow1","plays-correct (Tyler approved)","0","never-triggered","full-play capture; numeric matrix predates checker-bound fix","none observed","no bad row"
"Mario","83","FTMarioAnimCliffAttackSlow2","plays-correct (Tyler approved)","0","never-triggered","full-play capture; numeric matrix predates checker-bound fix","none observed","no bad row"
"Mario","84","FTMarioAnimCliffEscapeQuick1","plays-correct (Tyler approved)","0","never-triggered","full-play capture; numeric matrix predates checker-bound fix","none observed","no bad row"
"Mario","85","FTMarioAnimCliffEscapeQuick2","plays-correct (Tyler approved)","0","never-triggered","full-play capture; numeric matrix predates checker-bound fix","none observed","no bad row"
"Mario","86","FTMarioAnimCliffEscapeSlow1","plays-correct (Tyler approved)","0","never-triggered","full-play capture; numeric matrix predates checker-bound fix","none observed","no bad row"
"Mario","87","FTMarioAnimCliffEscapeSlow2","plays-correct (Tyler approved)","0","never-triggered","full-play capture; numeric matrix predates checker-bound fix","none observed","no bad row"
"Mario","88","FTMarioAnimLightItemPickup","plays-correct (Tyler approved)","0","never-triggered","full-play capture; numeric matrix predates checker-bound fix","none observed","no bad row"
"Mario","89","FTMarioAnimHeavyItemPickup","plays-correct (Tyler approved)","0","never-triggered","full-play capture; numeric matrix predates checker-bound fix","none observed","no bad row"
"Mario","90","FTMarioAnimItemDrop","plays-correct (Tyler approved)","0","never-triggered","full-play capture; numeric matrix predates checker-bound fix","none observed","no bad row"
"Mario","91","FTMarioAnimItemThrowDash","plays-correct (Tyler approved)","0","never-triggered","full-play capture; numeric matrix predates checker-bound fix","none observed","no bad row"
"Mario","92","FTMarioAnimItemThrowSmashB","plays-correct (Tyler approved)","0","never-triggered","full-play capture; numeric matrix predates checker-bound fix","none observed","no bad row"
"Mario","93","FTMarioAnimItemThrowSmashB","plays-correct (Tyler approved)","0","never-triggered","full-play capture; numeric matrix predates checker-bound fix","none observed","no bad row"
"Mario","94","FTMarioAnimItemThrowSmashU","plays-correct (Tyler approved)","0","never-triggered","full-play capture; numeric matrix predates checker-bound fix","none observed","no bad row"
"Mario","95","FTMarioAnimItemThrowSmashD","plays-correct (Tyler approved)","0","never-triggered","full-play capture; numeric matrix predates checker-bound fix","none observed","no bad row"
"Mario","96","FTMarioAnimItemThrowSmashB","plays-correct (Tyler approved)","0","never-triggered","full-play capture; numeric matrix predates checker-bound fix","none observed","no bad row"
"Mario","97","FTMarioAnimItemThrowSmashB","plays-correct (Tyler approved)","0","never-triggered","full-play capture; numeric matrix predates checker-bound fix","none observed","no bad row"
"Mario","98","FTMarioAnimItemThrowSmashU","plays-correct (Tyler approved)","0","never-triggered","full-play capture; numeric matrix predates checker-bound fix","none observed","no bad row"
"Mario","99","FTMarioAnimItemThrowSmashD","plays-correct (Tyler approved)","0","never-triggered","full-play capture; numeric matrix predates checker-bound fix","none observed","no bad row"
"Mario","100","FTMarioAnimItemThrowAirSmashB","plays-correct (Tyler approved)","0","never-triggered","full-play capture; numeric matrix predates checker-bound fix","none observed","no bad row"
"Mario","101","FTMarioAnimItemThrowAirSmashB","plays-correct (Tyler approved)","0","never-triggered","full-play capture; numeric matrix predates checker-bound fix","none observed","no bad row"
"Mario","102","FTMarioAnimItemThrowAirSmashU","plays-correct (Tyler approved)","0","never-triggered","full-play capture; numeric matrix predates checker-bound fix","none observed","no bad row"
"Mario","103","FTMarioAnimItemThrowAirSmashF","plays-correct (Tyler approved)","0","never-triggered","full-play capture; numeric matrix predates checker-bound fix","none observed","no bad row"
"Mario","104","FTMarioAnimItemThrowAirSmashB","plays-correct (Tyler approved)","0","never-triggered","full-play capture; numeric matrix predates checker-bound fix","none observed","no bad row"
"Mario","105","FTMarioAnimItemThrowAirSmashB","plays-correct (Tyler approved)","0","never-triggered","full-play capture; numeric matrix predates checker-bound fix","none observed","no bad row"
"Mario","106","FTMarioAnimItemThrowAirSmashU","plays-correct (Tyler approved)","0","never-triggered","full-play capture; numeric matrix predates checker-bound fix","none observed","no bad row"
"Mario","107","FTMarioAnimItemThrowAirSmashF","plays-correct (Tyler approved)","0","never-triggered","full-play capture; numeric matrix predates checker-bound fix","none observed","no bad row"
"Mario","108","FTMarioAnimHeavyItemThrowSmashB","plays-correct (Tyler approved)","0","never-triggered","full-play capture; numeric matrix predates checker-bound fix","none observed","no bad row"
"Mario","109","FTMarioAnimHeavyItemThrowSmashB","plays-correct (Tyler approved)","0","never-triggered","full-play capture; numeric matrix predates checker-bound fix","none observed","no bad row"
"Mario","110","FTMarioAnimHeavyItemThrowSmashB","plays-correct (Tyler approved)","0","never-triggered","full-play capture; numeric matrix predates checker-bound fix","none observed","no bad row"
"Mario","111","FTMarioAnimHeavyItemThrowSmashB","plays-correct (Tyler approved)","0","never-triggered","full-play capture; numeric matrix predates checker-bound fix","none observed","no bad row"
"Mario","112","FTMarioAnimStarRodNeutral","plays-correct (Tyler approved)","0","never-triggered","full-play capture; numeric matrix predates checker-bound fix","none observed","no bad row"
"Mario","113","FTMarioAnimStarRodTilt","plays-correct (Tyler approved)","0","never-triggered","full-play capture; numeric matrix predates checker-bound fix","none observed","no bad row"
"Mario","114","FTMarioAnimStarRodSmash","plays-correct (Tyler approved)","0","never-triggered","full-play capture; numeric matrix predates checker-bound fix","none observed","no bad row"
"Mario","115","FTMarioAnimStarRodDash","plays-correct (Tyler approved)","0","never-triggered","full-play capture; numeric matrix predates checker-bound fix","none observed","no bad row"
"Mario","116","FTMarioAnimStarRodNeutral","plays-correct (Tyler approved)","0","never-triggered","full-play capture; numeric matrix predates checker-bound fix","none observed","no bad row"
"Mario","117","FTMarioAnimStarRodTilt","plays-correct (Tyler approved)","0","never-triggered","full-play capture; numeric matrix predates checker-bound fix","none observed","no bad row"
"Mario","118","FTMarioAnimStarRodSmash","plays-correct (Tyler approved)","0","never-triggered","full-play capture; numeric matrix predates checker-bound fix","none observed","no bad row"
"Mario","119","FTMarioAnimStarRodDash","plays-correct (Tyler approved)","0","never-triggered","full-play capture; numeric matrix predates checker-bound fix","none observed","no bad row"
"Mario","120","FTMarioAnimStarRodNeutral","plays-correct (Tyler approved)","0","never-triggered","full-play capture; numeric matrix predates checker-bound fix","none observed","no bad row"
"Mario","121","FTMarioAnimStarRodTilt","plays-correct (Tyler approved)","0","never-triggered","full-play capture; numeric matrix predates checker-bound fix","none observed","no bad row"
"Mario","122","FTMarioAnimStarRodSmash","plays-correct (Tyler approved)","0","never-triggered","full-play capture; numeric matrix predates checker-bound fix","none observed","no bad row"
"Mario","123","FTMarioAnimStarRodDash","plays-correct (Tyler approved)","0","never-triggered","full-play capture; numeric matrix predates checker-bound fix","none observed","no bad row"
"Mario","124","FTMarioAnimStarRodNeutral","plays-correct (Tyler approved)","0","never-triggered","full-play capture; numeric matrix predates checker-bound fix","none observed","no bad row"
"Mario","125","FTMarioAnimStarRodTilt","plays-correct (Tyler approved)","0","never-triggered","full-play capture; numeric matrix predates checker-bound fix","none observed","no bad row"
"Mario","126","FTMarioAnimStarRodSmash","plays-correct (Tyler approved)","0","never-triggered","full-play capture; numeric matrix predates checker-bound fix","none observed","no bad row"
"Mario","127","FTMarioAnimStarRodDash","plays-correct (Tyler approved)","0","never-triggered","full-play capture; numeric matrix predates checker-bound fix","none observed","no bad row"
"Mario","128","FTMarioAnimFireFlowerShoot","plays-correct (Tyler approved)","0","never-triggered","full-play capture; numeric matrix predates checker-bound fix","none observed","no bad row"
"Mario","129","FTMarioAnimFireFlowerShootAir","plays-correct (Tyler approved)","0","never-triggered","full-play capture; numeric matrix predates checker-bound fix","none observed","no bad row"
"Mario","130","FTMarioAnimFireFlowerShoot","plays-correct (Tyler approved)","0","never-triggered","full-play capture; numeric matrix predates checker-bound fix","none observed","no bad row"
"Mario","131","FTMarioAnimFireFlowerShootAir","plays-correct (Tyler approved)","0","never-triggered","full-play capture; numeric matrix predates checker-bound fix","none observed","no bad row"
"Mario","132","FTMarioAnimHammerIdle","plays-correct (Tyler approved)","0","never-triggered","full-play capture; numeric matrix predates checker-bound fix","none observed","no bad row"
"Mario","133","FTMarioAnimHammerLanding","plays-correct (Tyler approved)","0","never-triggered","full-play capture; numeric matrix predates checker-bound fix","none observed","no bad row"
"Mario","134","FTMarioAnimShieldOn","plays-correct (Tyler approved)","0","never-triggered","full-play capture; numeric matrix predates checker-bound fix","none observed","no bad row"
"Mario","135","FTMarioAnimShieldOff","plays-correct (Tyler approved)","0","never-triggered","full-play capture; numeric matrix predates checker-bound fix","none observed","no bad row"
"Mario","136","FTMarioAnimRollF","plays-correct (Tyler approved)","0","never-triggered","full-play capture; numeric matrix predates checker-bound fix","none observed","no bad row"
"Mario","137","FTMarioAnimRollB","plays-correct (Tyler approved)","0","never-triggered","full-play capture; numeric matrix predates checker-bound fix","none observed","no bad row"
"Mario","138","FTMarioAnimShieldBreak","plays-correct (Tyler approved)","0","never-triggered","full-play capture; numeric matrix predates checker-bound fix","none observed","no bad row"
"Mario","139","FTMarioAnimDamaged","plays-correct (Tyler approved)","0","never-triggered","full-play capture; numeric matrix predates checker-bound fix","none observed","no bad row"
"Mario","140","FTMarioAnimDownBounceD","plays-correct (Tyler approved)","0","never-triggered","full-play capture; numeric matrix predates checker-bound fix","none observed","no bad row"
"Mario","141","FTMarioAnimStunLandU","plays-correct (Tyler approved)","0","never-triggered","full-play capture; numeric matrix predates checker-bound fix","none observed","no bad row"
"Mario","142","FTMarioAnimDownStandD","plays-correct (Tyler approved)","0","never-triggered","full-play capture; numeric matrix predates checker-bound fix","none observed","no bad row"
"Mario","143","FTMarioAnimStunStartU","plays-correct (Tyler approved)","0","never-triggered","full-play capture; numeric matrix predates checker-bound fix","none observed","no bad row"
"Mario","144","FTMarioAnimSleep","plays-correct (Tyler approved)","0","never-triggered","full-play capture; numeric matrix predates checker-bound fix","none observed","no bad row"
"Mario","145","FTMarioAnimSleep","plays-correct (Tyler approved)","0","never-triggered","full-play capture; numeric matrix predates checker-bound fix","none observed","no bad row"
"Mario","146","FTMarioAnimCatch","plays-correct (Tyler approved)","0","never-triggered","full-play capture; numeric matrix predates checker-bound fix","none observed","no bad row"
"Mario","147","FTMarioAnimCatchPull","plays-correct (Tyler approved)","0","never-triggered","full-play capture; numeric matrix predates checker-bound fix","none observed","no bad row"
"Mario","148","FTMarioAnimThrowF","plays-correct (Tyler approved)","0","never-triggered","full-play capture; numeric matrix predates checker-bound fix","none observed","no bad row"
"Mario","149","FTMarioAnimThrowB","plays-correct (Tyler approved)","0","never-triggered","full-play capture; numeric matrix predates checker-bound fix","none observed","no bad row"
"Mario","150","FTMarioAnimEggLayPulled","plays-correct (Tyler approved)","0","never-triggered","full-play capture; numeric matrix predates checker-bound fix","none observed","no bad row"
"Mario","151","FTMarioAnimDamaged","plays-correct (Tyler approved)","0","never-triggered","full-play capture; numeric matrix predates checker-bound fix","none observed","no bad row"
"Mario","152","FTMarioAnimDamaged","plays-correct (Tyler approved)","0","never-triggered","full-play capture; numeric matrix predates checker-bound fix","none observed","no bad row"
"Mario","153","FTMarioAnimWait","plays-correct (Tyler approved)","0","never-triggered","full-play capture; numeric matrix predates checker-bound fix","none observed","no bad row"
"Mario","154","FTMarioAnimFalconDivePulled","plays-correct (Tyler approved)","0","never-triggered","full-play capture; numeric matrix predates checker-bound fix","none observed","no bad row"
"Mario","155","FTMarioAnimDamaged","plays-correct (Tyler approved)","0","never-triggered","full-play capture; numeric matrix predates checker-bound fix","none observed","no bad row"
"Mario","156","FTMarioAnimThrownDKPulled","plays-correct (Tyler approved)","0","never-triggered","full-play capture; numeric matrix predates checker-bound fix","none observed","no bad row"
"Mario","157","FTMarioAnimThrownMarioBros","plays-correct (Tyler approved)","0","never-triggered","full-play capture; numeric matrix predates checker-bound fix","none observed","no bad row"
"Mario","158","SourceNull","source-null (decomp-authored)","0","never-triggered","n/a","n/a","n/a (source-null in BattleShip table)"
"Mario","159","FTMarioAnimThrownDK","plays-correct (Tyler approved)","0","never-triggered","full-play capture; numeric matrix predates checker-bound fix","none observed","no bad row"
"Mario","160","FTMarioAnimThrown1","plays-correct (Tyler approved)","0","never-triggered","full-play capture; numeric matrix predates checker-bound fix","none observed","no bad row"
"Mario","161","FTMarioAnimThrown2","plays-correct (Tyler approved)","0","never-triggered","full-play capture; numeric matrix predates checker-bound fix","none observed","no bad row"
"Mario","162","SourceNull","source-null (decomp-authored)","0","never-triggered","n/a","n/a","n/a (source-null in BattleShip table)"
"Mario","163","SourceNull","source-null (decomp-authored)","0","never-triggered","n/a","n/a","n/a (source-null in BattleShip table)"
"Mario","164","FTMarioAnimTaunt","plays-correct (Tyler approved)","0","never-triggered","full-play capture; numeric matrix predates checker-bound fix","none observed","no bad row"
"Mario","165","FTMarioAnimJab1","plays-correct (Tyler approved)","0","never-triggered","full-play capture; numeric matrix predates checker-bound fix","none observed","no bad row"
"Mario","166","FTMarioAnimJab2","plays-correct (Tyler approved)","0","never-triggered","full-play capture; numeric matrix predates checker-bound fix","none observed","no bad row"
"Mario","167","FTMarioAnimDashAttack","plays-correct (Tyler approved)","0","never-triggered","full-play capture; numeric matrix predates checker-bound fix","none observed","no bad row"
"Mario","168","FTMarioAnimFTiltHigh","plays-correct (Tyler approved)","0","never-triggered","full-play capture; numeric matrix predates checker-bound fix","none observed","no bad row"
"Mario","169","SourceNull","source-null (decomp-authored)","0","never-triggered","n/a","n/a","n/a (source-null in BattleShip table)"
"Mario","170","FTMarioAnimFTilt","plays-correct (Tyler approved)","0","never-triggered","full-play capture; numeric matrix predates checker-bound fix","none observed","no bad row"
"Mario","171","SourceNull","source-null (decomp-authored)","0","never-triggered","n/a","n/a","n/a (source-null in BattleShip table)"
"Mario","172","FTMarioAnimFTiltLow","plays-correct (Tyler approved)","0","never-triggered","full-play capture; numeric matrix predates checker-bound fix","none observed","no bad row"
"Mario","173","SourceNull","source-null (decomp-authored)","0","never-triggered","n/a","n/a","n/a (source-null in BattleShip table)"
"Mario","174","FTMarioAnimUTilt","plays-correct (Tyler approved)","0","never-triggered","full-play capture; numeric matrix predates checker-bound fix","none observed","no bad row"
"Mario","175","SourceNull","source-null (decomp-authored)","0","never-triggered","n/a","n/a","n/a (source-null in BattleShip table)"
"Mario","176","FTMarioAnimDTilt","plays-correct (Tyler approved)","0","never-triggered","full-play capture; numeric matrix predates checker-bound fix","none observed","no bad row"
"Mario","177","FTMarioAnimFSmashHigh","plays-correct (Tyler approved)","0","never-triggered","full-play capture; numeric matrix predates checker-bound fix","none observed","no bad row"
"Mario","178","FTMarioAnimFSmashMidHigh","plays-correct (Tyler approved)","0","never-triggered","full-play capture; numeric matrix predates checker-bound fix","none observed","no bad row"
"Mario","179","FTMarioAnimFSmash","plays-correct (Tyler approved)","0","never-triggered","full-play capture; numeric matrix predates checker-bound fix","none observed","no bad row"
"Mario","180","FTMarioAnimFSmashMidLow","plays-correct (Tyler approved)","0","never-triggered","full-play capture; numeric matrix predates checker-bound fix","none observed","no bad row"
"Mario","181","FTMarioAnimFSmashLow","plays-correct (Tyler approved)","0","never-triggered","full-play capture; numeric matrix predates checker-bound fix","none observed","no bad row"
"Mario","182","FTMarioAnimUSmash","plays-correct (Tyler approved)","0","never-triggered","full-play capture; numeric matrix predates checker-bound fix","none observed","no bad row"
"Mario","183","FTMarioAnimDSmash","plays-correct (Tyler approved)","0","never-triggered","full-play capture; numeric matrix predates checker-bound fix","none observed","no bad row"
"Mario","184","FTMarioAnimAttackAirN","plays-correct (Tyler approved)","0","never-triggered","full-play capture; numeric matrix predates checker-bound fix","none observed","no bad row"
"Mario","185","FTMarioAnimAttackAirF","plays-correct (Tyler approved)","0","never-triggered","full-play capture; numeric matrix predates checker-bound fix","none observed","no bad row"
"Mario","186","FTMarioAnimAttackAirB","plays-correct (Tyler approved)","0","never-triggered","full-play capture; numeric matrix predates checker-bound fix","none observed","no bad row"
"Mario","187","FTMarioAnimAttackAirU","plays-correct (Tyler approved)","0","never-triggered","full-play capture; numeric matrix predates checker-bound fix","none observed","no bad row"
"Mario","188","FTMarioAnimAttackAirD","plays-correct (Tyler approved)","0","never-triggered","full-play capture; numeric matrix predates checker-bound fix","none observed","no bad row"
"Mario","189","SourceNull","source-null (decomp-authored)","0","never-triggered","n/a","n/a","n/a (source-null in BattleShip table)"
"Mario","190","FTMarioAnimLandingAirF","plays-correct (Tyler approved)","0","never-triggered","full-play capture; numeric matrix predates checker-bound fix","none observed","no bad row"
"Mario","191","FTMarioAnimLandingAirB","plays-correct (Tyler approved)","0","never-triggered","full-play capture; numeric matrix predates checker-bound fix","none observed","no bad row"
"Mario","192","FTMarioAnimLandingAirU","plays-correct (Tyler approved)","0","never-triggered","full-play capture; numeric matrix predates checker-bound fix","none observed","no bad row"
"Mario","193","SourceNull","source-null (decomp-authored)","0","never-triggered","n/a","n/a","n/a (source-null in BattleShip table)"
"Mario","194","FTMarioAnimLandingAirX","plays-correct (Tyler approved)","0","never-triggered","full-play capture; numeric matrix predates checker-bound fix","none observed","no bad row"
"Mario","195","FTMarioAnimJab3","plays-correct (Tyler approved)","0","never-triggered","full-play capture; numeric matrix predates checker-bound fix","none observed","no bad row"
"Mario","196","FTMarioAnimAppear1","plays-correct (Tyler approved)","0","never-triggered","full-play capture; numeric matrix predates checker-bound fix","none observed","no bad row"
"Mario","197","FTMarioAnimAppear2","plays-correct (Tyler approved)","0","never-triggered","full-play capture; numeric matrix predates checker-bound fix","none observed","no bad row"
"Mario","198","FTMarioAnimFireballGround","plays-correct (Tyler approved)","0","never-triggered","full-play capture; numeric matrix predates checker-bound fix","none observed","no bad row"
"Mario","199","FTMarioAnimFireballAir","plays-correct (Tyler approved)","0","never-triggered","full-play capture; numeric matrix predates checker-bound fix","none observed","no bad row"
"Mario","200","FTMarioAnimSuperJumpPunchAir","plays-correct (Tyler approved)","0","never-triggered","full-play capture; numeric matrix predates checker-bound fix","none observed","no bad row"
"Mario","201","FTMarioAnimSuperJumpPunchAir","plays-correct (Tyler approved)","0","never-triggered","full-play capture; numeric matrix predates checker-bound fix","none observed","no bad row"
"Mario","202","FTMarioAnimMarioTornadoGround","plays-correct (Tyler approved)","0","never-triggered","full-play capture; numeric matrix predates checker-bound fix","none observed","no bad row"
"Mario","203","FTMarioAnimMarioTornadoAir","plays-correct (Tyler approved)","0","never-triggered","83/83 post-fix spot pass","none observed","no bad row"
"Fox","0","FTFoxAnimEggLay","plays-correct (pending Tyler)","0","never-triggered","full-play capture; numeric matrix predates checker-bound fix","none observed","no bad row"
"Fox","1","FTFoxAnimStunLandD","plays-correct (pending Tyler)","0","never-triggered","full-play capture; numeric matrix predates checker-bound fix","none observed","no bad row"
"Fox","2","FTFoxAnimStunStartD","plays-correct (pending Tyler)","0","never-triggered","full-play capture; numeric matrix predates checker-bound fix","none observed","no bad row"
"Fox","3","FTFoxAnimEggLay","plays-correct (pending Tyler)","0","never-triggered","full-play capture; numeric matrix predates checker-bound fix","none observed","no bad row"
"Fox","4","FTFoxAnimEggLay","plays-correct (pending Tyler)","66","requested","full-play capture; numeric matrix predates checker-bound fix","none observed","no bad row"
"Fox","5","FTFoxAnimWalk1","plays-correct (pending Tyler)","2","requested","full-play capture; numeric matrix predates checker-bound fix","none observed","no bad row"
"Fox","6","FTFoxAnimWalk2","plays-correct (pending Tyler)","27","requested","full-play capture; numeric matrix predates checker-bound fix","none observed","no bad row"
"Fox","7","FTFoxAnimWalk3","plays-correct (pending Tyler)","1","requested","full-play capture; numeric matrix predates checker-bound fix","none observed","no bad row"
"Fox","8","FTFoxAnimWalkEnd","plays-correct (pending Tyler)","0","never-triggered","full-play capture; numeric matrix predates checker-bound fix","none observed","no bad row"
"Fox","9","FTFoxAnimDash","plays-correct (pending Tyler)","0","never-triggered","full-play capture; numeric matrix predates checker-bound fix","none observed","no bad row"
"Fox","10","FTFoxAnimRun","plays-correct (pending Tyler)","0","never-triggered","full-play capture; numeric matrix predates checker-bound fix","none observed","no bad row"
"Fox","11","FTFoxAnimRunBrake","plays-correct (pending Tyler)","0","never-triggered","full-play capture; numeric matrix predates checker-bound fix","none observed","no bad row"
"Fox","12","FTFoxAnimTurn","plays-correct (pending Tyler)","18","requested","full-play capture; numeric matrix predates checker-bound fix","none observed","no bad row"
"Fox","13","FTFoxAnimTurnRun","plays-correct (pending Tyler)","0","never-triggered","full-play capture; numeric matrix predates checker-bound fix","none observed","no bad row"
"Fox","14","FTFoxAnimLandingAirX","plays-correct (pending Tyler)","7","requested","full-play capture; numeric matrix predates checker-bound fix","none observed","no bad row"
"Fox","15","FTFoxAnimLandingAirX","plays-correct (pending Tyler)","0","never-triggered","full-play capture; numeric matrix predates checker-bound fix","none observed","no bad row"
"Fox","16","FTFoxAnimJumpF","plays-correct (pending Tyler)","5","requested","full-play capture; numeric matrix predates checker-bound fix","none observed","no bad row"
"Fox","17","FTFoxAnimJumpB","plays-correct (pending Tyler)","2","requested","full-play capture; numeric matrix predates checker-bound fix","none observed","no bad row"
"Fox","18","FTFoxAnimJumpAerialF","plays-correct (pending Tyler)","2","requested","full-play capture; numeric matrix predates checker-bound fix","none observed","no bad row"
"Fox","19","FTFoxAnimJumpAerialB","plays-correct (pending Tyler)","2","requested","full-play capture; numeric matrix predates checker-bound fix","none observed","no bad row"
"Fox","20","FTFoxAnimFall","plays-correct (pending Tyler)","3","requested","full-play capture; numeric matrix predates checker-bound fix","none observed","no bad row"
"Fox","21","FTFoxAnimFallAerial","plays-correct (pending Tyler)","2","requested","full-play capture; numeric matrix predates checker-bound fix","none observed","no bad row"
"Fox","22","FTFoxAnimCrouch","plays-correct (pending Tyler)","2","requested","full-play capture; numeric matrix predates checker-bound fix","none observed","no bad row"
"Fox","23","FTFoxAnimCrouchIdle","plays-correct (pending Tyler)","4","requested","full-play capture; numeric matrix predates checker-bound fix","none observed","no bad row"
"Fox","24","FTFoxAnimCrouchEnd","plays-correct (pending Tyler)","4","requested","full-play capture; numeric matrix predates checker-bound fix","none observed","no bad row"
"Fox","25","FTFoxAnimLandingAirX","plays-correct (pending Tyler)","4","requested","full-play capture; numeric matrix predates checker-bound fix","none observed","no bad row"
"Fox","26","FTFoxAnimLandingAirX","plays-correct (pending Tyler)","3","requested","full-play capture; numeric matrix predates checker-bound fix","none observed","no bad row"
"Fox","27","FTFoxAnimShieldDrop","plays-correct (pending Tyler)","2","requested","full-play capture; numeric matrix predates checker-bound fix","none observed","no bad row"
"Fox","28","FTFoxAnimShieldDrop","plays-correct (pending Tyler)","0","never-triggered","full-play capture; numeric matrix predates checker-bound fix","none observed","no bad row"
"Fox","29","FTFoxAnimTeeter","plays-correct (pending Tyler)","2","requested","full-play capture; numeric matrix predates checker-bound fix","none observed","no bad row"
"Fox","30","FTFoxAnimTeeterstart","plays-correct (pending Tyler)","2","requested","full-play capture; numeric matrix predates checker-bound fix","none observed","no bad row"
"Fox","31","FTFoxAnimDamaged1","plays-correct (pending Tyler)","0","never-triggered","full-play capture; numeric matrix predates checker-bound fix","none observed","no bad row"
"Fox","32","FTFoxAnimDamaged2","plays-correct (pending Tyler)","0","never-triggered","full-play capture; numeric matrix predates checker-bound fix","none observed","no bad row"
"Fox","33","FTFoxAnimFalconDivePulled","plays-correct (pending Tyler)","0","never-triggered","full-play capture; numeric matrix predates checker-bound fix","none observed","no bad row"
"Fox","34","FTFoxAnimDamageX1","plays-correct (pending Tyler)","0","never-triggered","full-play capture; numeric matrix predates checker-bound fix","none observed","no bad row"
"Fox","35","FTFoxAnimDamageX2","plays-correct (pending Tyler)","0","never-triggered","full-play capture; numeric matrix predates checker-bound fix","none observed","no bad row"
"Fox","36","FTFoxAnimDamageX3","plays-correct (pending Tyler)","0","never-triggered","full-play capture; numeric matrix predates checker-bound fix","none observed","no bad row"
"Fox","37","FTFoxAnimDamaged3","plays-correct (pending Tyler)","0","never-triggered","full-play capture; numeric matrix predates checker-bound fix","none observed","no bad row"
"Fox","38","FTFoxAnimDamaged4","plays-correct (pending Tyler)","0","never-triggered","full-play capture; numeric matrix predates checker-bound fix","none observed","no bad row"
"Fox","39","FTFoxAnimDamaged5","plays-correct (pending Tyler)","0","never-triggered","full-play capture; numeric matrix predates checker-bound fix","none observed","no bad row"
"Fox","40","FTFoxAnimDamaged6","plays-correct (pending Tyler)","0","never-triggered","full-play capture; numeric matrix predates checker-bound fix","none observed","no bad row"
"Fox","41","FTFoxAnimDamageAir","plays-correct (pending Tyler)","0","never-triggered","full-play capture; numeric matrix predates checker-bound fix","none observed","no bad row"
"Fox","42","FTFoxAnimDamaged7","plays-correct (pending Tyler)","0","never-triggered","full-play capture; numeric matrix predates checker-bound fix","none observed","no bad row"
"Fox","43","FTFoxAnimDamage","plays-correct (pending Tyler)","0","never-triggered","full-play capture; numeric matrix predates checker-bound fix","none observed","no bad row"
"Fox","44","FTFoxAnimDamageFlyX1","plays-correct (pending Tyler)","0","never-triggered","full-play capture; numeric matrix predates checker-bound fix","none observed","no bad row"
"Fox","45","FTFoxAnimDamageFlyX2","plays-correct (pending Tyler)","0","never-triggered","full-play capture; numeric matrix predates checker-bound fix","none observed","no bad row"
"Fox","46","FTFoxAnimDamage2","plays-correct (pending Tyler)","0","never-triggered","full-play capture; numeric matrix predates checker-bound fix","none observed","no bad row"
"Fox","47","FTFoxAnimShieldBreak","plays-correct (pending Tyler)","0","never-triggered","full-play capture; numeric matrix predates checker-bound fix","none observed","no bad row"
"Fox","48","FTFoxAnimDamageFlyTop","plays-correct (pending Tyler)","0","never-triggered","full-play capture; numeric matrix predates checker-bound fix","none observed","no bad row"
"Fox","49","FTFoxAnimDamaged","plays-correct (pending Tyler)","0","never-triggered","full-play capture; numeric matrix predates checker-bound fix","none observed","no bad row"
"Fox","50","FTFoxAnimDamaged","plays-correct (pending Tyler)","0","never-triggered","full-play capture; numeric matrix predates checker-bound fix","none observed","no bad row"
"Fox","51","FTFoxAnimFallSpecial","plays-correct (pending Tyler)","0","never-triggered","full-play capture; numeric matrix predates checker-bound fix","none observed","no bad row"
"Fox","52","FTFoxAnimLandingAirX","plays-correct (pending Tyler)","0","never-triggered","full-play capture; numeric matrix predates checker-bound fix","none observed","no bad row"
"Fox","53","FTFoxAnimDamaged","plays-correct (pending Tyler)","0","never-triggered","full-play capture; numeric matrix predates checker-bound fix","none observed","no bad row"
"Fox","54","FTFoxAnimEnterPipe","plays-correct (pending Tyler)","0","never-triggered","full-play capture; numeric matrix predates checker-bound fix","none observed","no bad row"
"Fox","55","FTFoxAnimExitPipe","plays-correct (pending Tyler)","0","never-triggered","full-play capture; numeric matrix predates checker-bound fix","none observed","no bad row"
"Fox","56","FTFoxAnimExitPipeWalk","plays-correct (pending Tyler)","0","never-triggered","full-play capture; numeric matrix predates checker-bound fix","none observed","no bad row"
"Fox","57","FTFoxAnimCeilingBonk","plays-correct (pending Tyler)","0","never-triggered","full-play capture; numeric matrix predates checker-bound fix","none observed","no bad row"
"Fox","58","FTFoxAnimStunLandD","plays-correct (pending Tyler)","0","never-triggered","full-play capture; numeric matrix predates checker-bound fix","none observed","no bad row"
"Fox","59","FTFoxAnimStunLandU","plays-correct (pending Tyler)","0","never-triggered","full-play capture; numeric matrix predates checker-bound fix","none observed","no bad row"
"Fox","60","FTFoxAnimStunStartD","plays-correct (pending Tyler)","0","never-triggered","full-play capture; numeric matrix predates checker-bound fix","none observed","no bad row"
"Fox","61","FTFoxAnimStunStartU","plays-correct (pending Tyler)","0","never-triggered","full-play capture; numeric matrix predates checker-bound fix","none observed","no bad row"
"Fox","62","FTFoxAnimTechF","plays-correct (pending Tyler)","0","never-triggered","full-play capture; numeric matrix predates checker-bound fix","none observed","no bad row"
"Fox","63","FTFoxAnimTechB","plays-correct (pending Tyler)","0","never-triggered","full-play capture; numeric matrix predates checker-bound fix","none observed","no bad row"
"Fox","64","FTFoxAnimDownForwardD","plays-correct (pending Tyler)","0","never-triggered","full-play capture; numeric matrix predates checker-bound fix","none observed","no bad row"
"Fox","65","FTFoxAnimDownForwardU","plays-correct (pending Tyler)","0","never-triggered","full-play capture; numeric matrix predates checker-bound fix","none observed","no bad row"
"Fox","66","FTFoxAnimDownBackD","plays-correct (pending Tyler)","0","never-triggered","full-play capture; numeric matrix predates checker-bound fix","none observed","no bad row"
"Fox","67","FTFoxAnimDownBackU","plays-correct (pending Tyler)","0","never-triggered","full-play capture; numeric matrix predates checker-bound fix","none observed","no bad row"
"Fox","68","FTFoxAnimDownAttackD","plays-correct (pending Tyler)","0","never-triggered","full-play capture; numeric matrix predates checker-bound fix","none observed","no bad row"
"Fox","69","FTFoxAnimDownAttackU","plays-correct (pending Tyler)","0","never-triggered","full-play capture; numeric matrix predates checker-bound fix","none observed","no bad row"
"Fox","70","FTFoxAnimTech","plays-correct (pending Tyler)","0","never-triggered","full-play capture; numeric matrix predates checker-bound fix","none observed","no bad row"
"Fox","71","FTFoxAnimClangRecoil","plays-correct (pending Tyler)","0","never-triggered","full-play capture; numeric matrix predates checker-bound fix","none observed","no bad row"
"Fox","72","FTFoxAnimCliffCatch","plays-correct (pending Tyler)","0","never-triggered","full-play capture; numeric matrix predates checker-bound fix","none observed","no bad row"
"Fox","73","FTFoxAnimCliffWait","plays-correct (pending Tyler)","0","never-triggered","full-play capture; numeric matrix predates checker-bound fix","none observed","no bad row"
"Fox","74","FTFoxAnimCliffQuick","plays-correct (pending Tyler)","0","never-triggered","full-play capture; numeric matrix predates checker-bound fix","none observed","no bad row"
"Fox","75","FTFoxAnimCliffClimbQuick1","plays-correct (pending Tyler)","0","never-triggered","full-play capture; numeric matrix predates checker-bound fix","none observed","no bad row"
"Fox","76","FTFoxAnimCliffClimbQuick2","plays-correct (pending Tyler)","0","never-triggered","full-play capture; numeric matrix predates checker-bound fix","none observed","no bad row"
"Fox","77","FTFoxAnimCliffSlow","plays-correct (pending Tyler)","0","never-triggered","full-play capture; numeric matrix predates checker-bound fix","none observed","no bad row"
"Fox","78","FTFoxAnimCliffClimbSlow1","plays-correct (pending Tyler)","0","never-triggered","full-play capture; numeric matrix predates checker-bound fix","none observed","no bad row"
"Fox","79","FTFoxAnimCliffClimbSlow2","plays-correct (pending Tyler)","0","never-triggered","full-play capture; numeric matrix predates checker-bound fix","none observed","no bad row"
"Fox","80","FTFoxAnimCliffAttackQuick1","plays-correct (pending Tyler)","0","never-triggered","full-play capture; numeric matrix predates checker-bound fix","none observed","no bad row"
"Fox","81","FTFoxAnimCliffAttackQuick2","plays-correct (pending Tyler)","0","never-triggered","full-play capture; numeric matrix predates checker-bound fix","none observed","no bad row"
"Fox","82","FTFoxAnimCliffAttackSlow1","plays-correct (pending Tyler)","0","never-triggered","full-play capture; numeric matrix predates checker-bound fix","none observed","no bad row"
"Fox","83","FTFoxAnimCliffAttackSlow2","plays-correct (pending Tyler)","0","never-triggered","full-play capture; numeric matrix predates checker-bound fix","none observed","no bad row"
"Fox","84","FTFoxAnimCliffEscapeQuick1","plays-correct (pending Tyler)","0","never-triggered","full-play capture; numeric matrix predates checker-bound fix","none observed","no bad row"
"Fox","85","FTFoxAnimCliffEscapeQuick2","plays-correct (pending Tyler)","0","never-triggered","full-play capture; numeric matrix predates checker-bound fix","none observed","no bad row"
"Fox","86","FTFoxAnimCliffEscapeSlow1","plays-correct (pending Tyler)","0","never-triggered","full-play capture; numeric matrix predates checker-bound fix","none observed","no bad row"
"Fox","87","FTFoxAnimCliffEscapeSlow2","plays-correct (pending Tyler)","0","never-triggered","full-play capture; numeric matrix predates checker-bound fix","none observed","no bad row"
"Fox","88","FTFoxAnimLightItemPickup","plays-correct (pending Tyler)","0","never-triggered","full-play capture; numeric matrix predates checker-bound fix","none observed","no bad row"
"Fox","89","FTFoxAnimHeavyItemPickup","plays-correct (pending Tyler)","0","never-triggered","full-play capture; numeric matrix predates checker-bound fix","none observed","no bad row"
"Fox","90","FTFoxAnimItemDrop","plays-correct (pending Tyler)","0","never-triggered","full-play capture; numeric matrix predates checker-bound fix","none observed","no bad row"
"Fox","91","FTFoxAnimItemThrowDash","plays-correct (pending Tyler)","0","never-triggered","full-play capture; numeric matrix predates checker-bound fix","none observed","no bad row"
"Fox","92","FTFoxAnimItemThrowSmashB","plays-correct (pending Tyler)","0","never-triggered","full-play capture; numeric matrix predates checker-bound fix","none observed","no bad row"
"Fox","93","FTFoxAnimItemThrowSmashB","plays-correct (pending Tyler)","0","never-triggered","full-play capture; numeric matrix predates checker-bound fix","none observed","no bad row"
"Fox","94","FTFoxAnimItemThrowSmashU","plays-correct (pending Tyler)","0","never-triggered","full-play capture; numeric matrix predates checker-bound fix","none observed","no bad row"
"Fox","95","FTFoxAnimItemThrowSmashD","plays-correct (pending Tyler)","0","never-triggered","full-play capture; numeric matrix predates checker-bound fix","none observed","no bad row"
"Fox","96","FTFoxAnimItemThrowSmashB","plays-correct (pending Tyler)","0","never-triggered","full-play capture; numeric matrix predates checker-bound fix","none observed","no bad row"
"Fox","97","FTFoxAnimItemThrowSmashB","plays-correct (pending Tyler)","0","never-triggered","full-play capture; numeric matrix predates checker-bound fix","none observed","no bad row"
"Fox","98","FTFoxAnimItemThrowSmashU","plays-correct (pending Tyler)","0","never-triggered","full-play capture; numeric matrix predates checker-bound fix","none observed","no bad row"
"Fox","99","FTFoxAnimItemThrowSmashD","plays-correct (pending Tyler)","0","never-triggered","full-play capture; numeric matrix predates checker-bound fix","none observed","no bad row"
"Fox","100","FTFoxAnimItemThrowAirSmashB","plays-correct (pending Tyler)","0","never-triggered","full-play capture; numeric matrix predates checker-bound fix","none observed","no bad row"
"Fox","101","FTFoxAnimItemThrowAirSmashB","plays-correct (pending Tyler)","0","never-triggered","full-play capture; numeric matrix predates checker-bound fix","none observed","no bad row"
"Fox","102","FTFoxAnimItemThrowAirSmashU","plays-correct (pending Tyler)","0","never-triggered","full-play capture; numeric matrix predates checker-bound fix","none observed","no bad row"
"Fox","103","FTFoxAnimItemThrowAirSmashF","plays-correct (pending Tyler)","0","never-triggered","full-play capture; numeric matrix predates checker-bound fix","none observed","no bad row"
"Fox","104","FTFoxAnimItemThrowAirSmashB","plays-correct (pending Tyler)","0","never-triggered","full-play capture; numeric matrix predates checker-bound fix","none observed","no bad row"
"Fox","105","FTFoxAnimItemThrowAirSmashB","plays-correct (pending Tyler)","0","never-triggered","full-play capture; numeric matrix predates checker-bound fix","none observed","no bad row"
"Fox","106","FTFoxAnimItemThrowAirSmashU","plays-correct (pending Tyler)","0","never-triggered","full-play capture; numeric matrix predates checker-bound fix","none observed","no bad row"
"Fox","107","FTFoxAnimItemThrowAirSmashF","plays-correct (pending Tyler)","0","never-triggered","full-play capture; numeric matrix predates checker-bound fix","none observed","no bad row"
"Fox","108","FTFoxAnimHeavyItemThrowSmashB","plays-correct (pending Tyler)","0","never-triggered","full-play capture; numeric matrix predates checker-bound fix","none observed","no bad row"
"Fox","109","FTFoxAnimHeavyItemThrowSmashB","plays-correct (pending Tyler)","0","never-triggered","full-play capture; numeric matrix predates checker-bound fix","none observed","no bad row"
"Fox","110","FTFoxAnimHeavyItemThrowSmashB","plays-correct (pending Tyler)","0","never-triggered","full-play capture; numeric matrix predates checker-bound fix","none observed","no bad row"
"Fox","111","FTFoxAnimHeavyItemThrowSmashB","plays-correct (pending Tyler)","0","never-triggered","full-play capture; numeric matrix predates checker-bound fix","none observed","no bad row"
"Fox","112","FTFoxAnimStarRodNeutral","plays-correct (pending Tyler)","0","never-triggered","full-play capture; numeric matrix predates checker-bound fix","none observed","no bad row"
"Fox","113","FTFoxAnimStarRodTilt","plays-correct (pending Tyler)","0","never-triggered","full-play capture; numeric matrix predates checker-bound fix","none observed","no bad row"
"Fox","114","FTFoxAnimStarRodSmash","plays-correct (pending Tyler)","0","never-triggered","full-play capture; numeric matrix predates checker-bound fix","none observed","no bad row"
"Fox","115","FTFoxAnimStarRodDash","plays-correct (pending Tyler)","0","never-triggered","full-play capture; numeric matrix predates checker-bound fix","none observed","no bad row"
"Fox","116","FTFoxAnimStarRodNeutral","plays-correct (pending Tyler)","0","never-triggered","full-play capture; numeric matrix predates checker-bound fix","none observed","no bad row"
"Fox","117","FTFoxAnimStarRodTilt","plays-correct (pending Tyler)","0","never-triggered","full-play capture; numeric matrix predates checker-bound fix","none observed","no bad row"
"Fox","118","FTFoxAnimStarRodSmash","plays-correct (pending Tyler)","0","never-triggered","full-play capture; numeric matrix predates checker-bound fix","none observed","no bad row"
"Fox","119","FTFoxAnimStarRodDash","plays-correct (pending Tyler)","0","never-triggered","full-play capture; numeric matrix predates checker-bound fix","none observed","no bad row"
"Fox","120","FTFoxAnimStarRodNeutral","plays-correct (pending Tyler)","0","never-triggered","full-play capture; numeric matrix predates checker-bound fix","none observed","no bad row"
"Fox","121","FTFoxAnimStarRodTilt","plays-correct (pending Tyler)","0","never-triggered","full-play capture; numeric matrix predates checker-bound fix","none observed","no bad row"
"Fox","122","FTFoxAnimStarRodSmash","plays-correct (pending Tyler)","0","never-triggered","full-play capture; numeric matrix predates checker-bound fix","none observed","no bad row"
"Fox","123","FTFoxAnimStarRodDash","plays-correct (pending Tyler)","0","never-triggered","full-play capture; numeric matrix predates checker-bound fix","none observed","no bad row"
"Fox","124","FTFoxAnimStarRodNeutral","plays-correct (pending Tyler)","0","never-triggered","full-play capture; numeric matrix predates checker-bound fix","none observed","no bad row"
"Fox","125","FTFoxAnimStarRodTilt","plays-correct (pending Tyler)","0","never-triggered","full-play capture; numeric matrix predates checker-bound fix","none observed","no bad row"
"Fox","126","FTFoxAnimStarRodSmash","plays-correct (pending Tyler)","0","never-triggered","full-play capture; numeric matrix predates checker-bound fix","none observed","no bad row"
"Fox","127","FTFoxAnimStarRodDash","plays-correct (pending Tyler)","0","never-triggered","full-play capture; numeric matrix predates checker-bound fix","none observed","no bad row"
"Fox","128","FTFoxAnimFireFlowerShoot","plays-correct (pending Tyler)","0","never-triggered","full-play capture; numeric matrix predates checker-bound fix","none observed","no bad row"
"Fox","129","FTFoxAnimFireFlowerShootAir","plays-correct (pending Tyler)","0","never-triggered","full-play capture; numeric matrix predates checker-bound fix","none observed","no bad row"
"Fox","130","FTFoxAnimFireFlowerShoot","plays-correct (pending Tyler)","0","never-triggered","full-play capture; numeric matrix predates checker-bound fix","none observed","no bad row"
"Fox","131","FTFoxAnimFireFlowerShootAir","plays-correct (pending Tyler)","0","never-triggered","full-play capture; numeric matrix predates checker-bound fix","none observed","no bad row"
"Fox","132","FTFoxAnimHammerIdle","plays-correct (pending Tyler)","0","never-triggered","full-play capture; numeric matrix predates checker-bound fix","none observed","no bad row"
"Fox","133","FTFoxAnimHammerLanding","plays-correct (pending Tyler)","0","never-triggered","full-play capture; numeric matrix predates checker-bound fix","none observed","no bad row"
"Fox","134","FTFoxAnimShieldOn","plays-correct (pending Tyler)","2","requested","full-play capture; numeric matrix predates checker-bound fix","none observed","no bad row"
"Fox","135","FTFoxAnimShieldOff","plays-correct (pending Tyler)","0","never-triggered","full-play capture; numeric matrix predates checker-bound fix","none observed","no bad row"
"Fox","136","FTFoxAnimRollF","plays-correct (pending Tyler)","0","never-triggered","full-play capture; numeric matrix predates checker-bound fix","none observed","no bad row"
"Fox","137","FTFoxAnimRollB","plays-correct (pending Tyler)","0","never-triggered","full-play capture; numeric matrix predates checker-bound fix","none observed","no bad row"
"Fox","138","FTFoxAnimShieldBreak","plays-correct (pending Tyler)","0","never-triggered","full-play capture; numeric matrix predates checker-bound fix","none observed","no bad row"
"Fox","139","FTFoxAnimDamaged","plays-correct (pending Tyler)","0","never-triggered","full-play capture; numeric matrix predates checker-bound fix","none observed","no bad row"
"Fox","140","FTFoxAnimStunLandD","plays-correct (pending Tyler)","0","never-triggered","full-play capture; numeric matrix predates checker-bound fix","none observed","no bad row"
"Fox","141","FTFoxAnimStunLandU","plays-correct (pending Tyler)","0","never-triggered","full-play capture; numeric matrix predates checker-bound fix","none observed","no bad row"
"Fox","142","FTFoxAnimStunStartD","plays-correct (pending Tyler)","0","never-triggered","full-play capture; numeric matrix predates checker-bound fix","none observed","no bad row"
"Fox","143","FTFoxAnimStunStartU","plays-correct (pending Tyler)","0","never-triggered","full-play capture; numeric matrix predates checker-bound fix","none observed","no bad row"
"Fox","144","FTFoxAnimSleep","plays-correct (pending Tyler)","0","never-triggered","full-play capture; numeric matrix predates checker-bound fix","none observed","no bad row"
"Fox","145","FTFoxAnimSleep","plays-correct (pending Tyler)","0","never-triggered","full-play capture; numeric matrix predates checker-bound fix","none observed","no bad row"
"Fox","146","FTFoxAnimCatch","plays-correct (pending Tyler)","2","requested","full-play capture; numeric matrix predates checker-bound fix","none observed","no bad row"
"Fox","147","FTFoxAnimCatchPull","plays-correct (pending Tyler)","0","never-triggered","full-play capture; numeric matrix predates checker-bound fix","none observed","no bad row"
"Fox","148","FTFoxAnimThrowF","plays-correct (pending Tyler)","0","never-triggered","full-play capture; numeric matrix predates checker-bound fix","none observed","no bad row"
"Fox","149","FTFoxAnimThrowB","plays-correct (pending Tyler)","0","never-triggered","full-play capture; numeric matrix predates checker-bound fix","none observed","no bad row"
"Fox","150","FTFoxAnimEggLayPulled","plays-correct (pending Tyler)","0","never-triggered","full-play capture; numeric matrix predates checker-bound fix","none observed","no bad row"
"Fox","151","FTFoxAnimDamaged","plays-correct (pending Tyler)","0","never-triggered","full-play capture; numeric matrix predates checker-bound fix","none observed","no bad row"
"Fox","152","FTFoxAnimDamaged","plays-correct (pending Tyler)","0","never-triggered","full-play capture; numeric matrix predates checker-bound fix","none observed","no bad row"
"Fox","153","FTFoxAnimEggLay","plays-correct (pending Tyler)","0","never-triggered","full-play capture; numeric matrix predates checker-bound fix","none observed","no bad row"
"Fox","154","FTFoxAnimFalconDivePulled","plays-correct (pending Tyler)","0","never-triggered","full-play capture; numeric matrix predates checker-bound fix","none observed","no bad row"
"Fox","155","FTFoxAnimDamaged","plays-correct (pending Tyler)","0","never-triggered","full-play capture; numeric matrix predates checker-bound fix","none observed","no bad row"
"Fox","156","FTFoxAnimThrownDKPulled","plays-correct (pending Tyler)","0","never-triggered","full-play capture; numeric matrix predates checker-bound fix","none observed","no bad row"
"Fox","157","FTFoxAnimThrownMarioBros","plays-correct (pending Tyler)","0","never-triggered","full-play capture; numeric matrix predates checker-bound fix","none observed","no bad row"
"Fox","158","SourceNull","source-null (decomp-authored)","0","never-triggered","n/a","n/a","n/a (source-null in BattleShip table)"
"Fox","159","FTFoxAnimThrownDK","plays-correct (pending Tyler)","0","never-triggered","full-play capture; numeric matrix predates checker-bound fix","none observed","no bad row"
"Fox","160","FTFoxAnimThrown1","plays-correct (pending Tyler)","0","never-triggered","full-play capture; numeric matrix predates checker-bound fix","none observed","no bad row"
"Fox","161","FTFoxAnimThrown2","plays-correct (pending Tyler)","0","never-triggered","full-play capture; numeric matrix predates checker-bound fix","none observed","no bad row"
"Fox","162","FTFoxAnimThrown3","plays-correct (pending Tyler)","0","never-triggered","full-play capture; numeric matrix predates checker-bound fix","none observed","no bad row"
"Fox","163","FTFoxAnimThrownFoxB","plays-correct (pending Tyler)","0","never-triggered","full-play capture; numeric matrix predates checker-bound fix","none observed","no bad row"
"Fox","164","FTFoxAnimTaunt","plays-correct (pending Tyler)","0","never-triggered","full-play capture; numeric matrix predates checker-bound fix","none observed","no bad row"
"Fox","165","FTFoxAnimJab1","plays-correct (pending Tyler)","1","requested","full-play capture; numeric matrix predates checker-bound fix","none observed","no bad row"
"Fox","166","FTFoxAnimJab2","plays-correct (pending Tyler)","0","never-triggered","full-play capture; numeric matrix predates checker-bound fix","none observed","no bad row"
"Fox","167","FTFoxAnimDashAttack","plays-correct (pending Tyler)","0","never-triggered","full-play capture; numeric matrix predates checker-bound fix","none observed","no bad row"
"Fox","168","FTFoxAnimFTiltHigh","plays-correct (pending Tyler)","0","never-triggered","full-play capture; numeric matrix predates checker-bound fix","none observed","no bad row"
"Fox","169","FTFoxAnimFTiltMidHigh","plays-correct (pending Tyler)","0","never-triggered","full-play capture; numeric matrix predates checker-bound fix","none observed","no bad row"
"Fox","170","FTFoxAnimFTilt","plays-correct (pending Tyler)","2","requested","full-play capture; numeric matrix predates checker-bound fix","none observed","no bad row"
"Fox","171","FTFoxAnimFTiltMidLow","plays-correct (pending Tyler)","0","never-triggered","full-play capture; numeric matrix predates checker-bound fix","none observed","no bad row"
"Fox","172","FTFoxAnimFTiltLow","plays-correct (pending Tyler)","0","never-triggered","full-play capture; numeric matrix predates checker-bound fix","none observed","no bad row"
"Fox","173","SourceNull","source-null (decomp-authored)","0","never-triggered","n/a","n/a","n/a (source-null in BattleShip table)"
"Fox","174","FTFoxAnimUTilt","plays-correct (pending Tyler)","1","requested","full-play capture; numeric matrix predates checker-bound fix","none observed","no bad row"
"Fox","175","SourceNull","source-null (decomp-authored)","0","never-triggered","n/a","n/a","n/a (source-null in BattleShip table)"
"Fox","176","FTFoxAnimDTilt","plays-correct (pending Tyler)","4","requested","full-play capture; numeric matrix predates checker-bound fix","none observed","no bad row"
"Fox","177","SourceNull","source-null (decomp-authored)","0","never-triggered","n/a","n/a","n/a (source-null in BattleShip table)"
"Fox","178","SourceNull","source-null (decomp-authored)","0","never-triggered","n/a","n/a","n/a (source-null in BattleShip table)"
"Fox","179","FTFoxAnimFSmash","plays-correct (pending Tyler)","2","requested","full-play capture; numeric matrix predates checker-bound fix","none observed","no bad row"
"Fox","180","SourceNull","source-null (decomp-authored)","0","never-triggered","n/a","n/a","n/a (source-null in BattleShip table)"
"Fox","181","SourceNull","source-null (decomp-authored)","0","never-triggered","n/a","n/a","n/a (source-null in BattleShip table)"
"Fox","182","FTFoxAnimUSmash","plays-correct (pending Tyler)","2","requested","full-play capture; numeric matrix predates checker-bound fix","none observed","no bad row"
"Fox","183","FTFoxAnimDSmash","plays-correct (pending Tyler)","1","requested","full-play capture; numeric matrix predates checker-bound fix","none observed","no bad row"
"Fox","184","FTFoxAnimAttackAirN","plays-correct (pending Tyler)","0","never-triggered","full-play capture; numeric matrix predates checker-bound fix","none observed","no bad row"
"Fox","185","FTFoxAnimAttackAirF","plays-correct (pending Tyler)","0","never-triggered","full-play capture; numeric matrix predates checker-bound fix","none observed","no bad row"
"Fox","186","FTFoxAnimAttackAirB","plays-correct (pending Tyler)","0","never-triggered","full-play capture; numeric matrix predates checker-bound fix","none observed","no bad row"
"Fox","187","FTFoxAnimAttackAirU","plays-correct (pending Tyler)","4","requested","full-play capture; numeric matrix predates checker-bound fix","none observed","no bad row"
"Fox","188","FTFoxAnimAttackAirD","plays-correct (pending Tyler)","1","requested","full-play capture; numeric matrix predates checker-bound fix","none observed","no bad row"
"Fox","189","SourceNull","source-null (decomp-authored)","0","never-triggered","n/a","n/a","n/a (source-null in BattleShip table)"
"Fox","190","FTFoxAnimLandingAirF","plays-correct (pending Tyler)","0","never-triggered","full-play capture; numeric matrix predates checker-bound fix","none observed","no bad row"
"Fox","191","FTFoxAnimLandingAirB","plays-correct (pending Tyler)","0","never-triggered","full-play capture; numeric matrix predates checker-bound fix","none observed","no bad row"
"Fox","192","SourceNull","source-null (decomp-authored)","0","never-triggered","n/a","n/a","n/a (source-null in BattleShip table)"
"Fox","193","SourceNull","source-null (decomp-authored)","0","never-triggered","n/a","n/a","n/a (source-null in BattleShip table)"
"Fox","194","FTFoxAnimLandingAirX","plays-correct (pending Tyler)","1","requested","full-play capture; numeric matrix predates checker-bound fix","none observed","no bad row"
"Fox","195","FTFoxAnimJabLoopStart","plays-correct (pending Tyler)","0","never-triggered","full-play capture; numeric matrix predates checker-bound fix","none observed","no bad row"
"Fox","196","FTFoxAnimJabLoop","plays-correct (pending Tyler)","0","never-triggered","full-play capture; numeric matrix predates checker-bound fix","none observed","no bad row"
"Fox","197","FTFoxAnimJabLoopEnd","plays-correct (pending Tyler)","0","never-triggered","full-play capture; numeric matrix predates checker-bound fix","none observed","no bad row"
"Fox","198","FTFoxAnimAppear","plays-correct (pending Tyler)","0","never-triggered","full-play capture; numeric matrix predates checker-bound fix","none observed","no bad row"
"Fox","199","FTFoxAnimArwing","plays-correct (pending Tyler)","0","never-triggered","full-play capture; numeric matrix predates checker-bound fix","none observed","no bad row"
"Fox","200","FTFoxAnimLaser","plays-correct (pending Tyler)","6","requested","full-play capture; numeric matrix predates checker-bound fix","none observed","no bad row"
"Fox","201","FTFoxAnimLaserAerial","plays-correct (pending Tyler)","4","requested","full-play capture; numeric matrix predates checker-bound fix","none observed","no bad row"
"Fox","202","FTFoxAnimFireFoxStartGround","plays-correct (pending Tyler)","0","never-triggered","full-play capture; numeric matrix predates checker-bound fix","none observed","no bad row"
"Fox","203","FTFoxAnimFireFoxStartAerial","plays-correct (pending Tyler)","1","requested","full-play capture; numeric matrix predates checker-bound fix","none observed","no bad row"
"Fox","204","FTFoxAnimReadyingFireFoxGround","plays-correct (pending Tyler)","0","never-triggered","full-play capture; numeric matrix predates checker-bound fix","none observed","no bad row"
"Fox","205","FTFoxAnimReadyingFireFoxAir","plays-correct (pending Tyler)","1","requested","full-play capture; numeric matrix predates checker-bound fix","none observed","no bad row"
"Fox","206","FTFoxAnimFireFoxGround","plays-correct (pending Tyler)","0","never-triggered","full-play capture; numeric matrix predates checker-bound fix","none observed","no bad row"
"Fox","207","FTFoxAnimFireFoxAir","plays-correct (pending Tyler)","1","requested","full-play capture; numeric matrix predates checker-bound fix","none observed","no bad row"
"Fox","208","FTFoxAnimFireFoxEndGround","plays-correct (pending Tyler)","1","requested","full-play capture; numeric matrix predates checker-bound fix","none observed","no bad row"
"Fox","209","FTFoxAnimFireFoxEndAir","plays-correct (pending Tyler)","1","requested","full-play capture; numeric matrix predates checker-bound fix","none observed","no bad row"
"Fox","210","FTFoxAnimLandingWhileFireFoxAir","plays-correct (pending Tyler)","0","never-triggered","full-play capture; numeric matrix predates checker-bound fix","none observed","no bad row"
"Fox","211","FTFoxAnimShineStart","plays-correct (pending Tyler)","2","requested","full-play capture; numeric matrix predates checker-bound fix","none observed","no bad row"
"Fox","212","FTFoxAnimSwitchDirectionShine","plays-correct (pending Tyler)","2","requested","full-play capture; numeric matrix predates checker-bound fix","none observed","no bad row"
"Fox","213","FTFoxAnimReflecting","plays-correct (pending Tyler)","0","never-triggered","full-play capture; numeric matrix predates checker-bound fix","none observed","no bad row"
"Fox","214","FTFoxAnimShine","plays-correct (pending Tyler)","2","requested","full-play capture; numeric matrix predates checker-bound fix","none observed","no bad row"
"Fox","215","FTFoxAnimShireStartAir","plays-correct (pending Tyler)","0","never-triggered","full-play capture; numeric matrix predates checker-bound fix","none observed","no bad row"
"Fox","216","FTFoxAnimSwitchDirectionShineAir","plays-correct (pending Tyler)","0","never-triggered","full-play capture; numeric matrix predates checker-bound fix","none observed","no bad row"
"Fox","217","FTFoxAnimUnknown","plays-correct (pending Tyler)","0","never-triggered","full-play capture; numeric matrix predates checker-bound fix","none observed","no bad row"
"Fox","218","FTFoxAnimShineAirEnd","plays-correct (pending Tyler)","0","never-triggered","full-play capture; numeric matrix predates checker-bound fix","none observed","no bad row"
